Workbook

Sheet 📊 DASHBOARD
B2: PARKSONS PACKAGING LTD | MAINTENANCE KPI ANALYSIS | FY 2024-25 vs FY 2025-26
B3: Printing Section · KBA-1 · KBA-2 · KBA-3 · CX-1 · CX-2 | All values formula-linked — update the FY data sheets to refresh everything
B7: AVG MTBF | E7: AVG MTTR | H7: BREAKDOWNS | K7: DOWNTIME | N7: AVAILABILITY
B8: FY 2024-25 | E8: FY 2024-25 | H8: FY 2024-25 | K8: FY 2024-25 | N8: FY 2024-25
B9: ='FY 2024-25 Data'!B18 -> 80.789167 | E9: ='FY 2024-25 Data'!C18 -> 48.913333 | H9: ='FY 2024-25 Data'!E18 -> 1422 | K9: ='FY 2024-25 Data'!G18 -> 1277.4 | N9: ='FY 2024-25 Data'!F18 -> 0.96279167
B10: FY 2025-26 | E10: FY 2025-26 | H10: FY 2025-26 | K10: FY 2025-26 | N10: FY 2025-26
B11: ='FY 2025-26 Data'!B18 -> 317.12 | E11: ='FY 2025-26 Data'!C18 -> 55.425833 | H11: ='FY 2025-26 Data'!E18 -> 463 | K11: ='FY 2025-26 Data'!G18 -> 426.2 | N11: ='FY 2025-26 Data'!F18 -> 0.98755833
B12: =IFERROR(('FY 2025-26 Data'!B18-'FY 2024-25 Data'!B18)/ABS('FY 2024-25 Data'!B18),0) -> 2.9252788 | E12: =IFERROR(('FY 2025-26 Data'!C18-'FY 2024-25 Data'!C18)/ABS('FY 2024-25 Data'!C18),0) -> 0.13314366 | H12: =IFERROR(('FY 2025-26 Data'!E18-'FY 2024-25 Data'!E18)/ABS('FY 2024-25 Data'!E18),0) -> -0.67440225 | K12: =IFERROR(('FY 2025-26 Data'!G18-'FY 2024-25 Data'!G18)/ABS('FY 2024-25 Data'!G18),0) -> -0.66635353 | N12: =IFERROR(('FY 2025-26 Data'!F18-'FY 2024-25 Data'!F18)/ABS('FY 2024-25 Data'!F18),0) -> 0.025723807
B15: ✅ Edit 'FY 2024-25 Data' or 'FY 2025-26 Data' sheets → ALL values, charts, and % changes update instantly
B17: ◆ BREAKDOWN COUNT (Monthly) | K17: ◆ DOWNTIME HOURS (Monthly)
B38: ◆ MTBF TREND (Monthly Avg) | K38: ◆ MTTR TREND (Monthly Avg)
B59: ◆ MACHINE MTBF (Annual Avg) | K59: ◆ MACHINE BD COUNT (Annual)
B80: ◆ AVAILABILITY TREND (Monthly %) | K80: ◆ MACHINE AVAILABILITY (Annual %)
B101: Parksons Packaging Ltd | Maintenance Engineering | Printing Section | FY 2024-25 vs FY 2025-26

Sheet FY 2024-25 Data
A2: FY 2024-25 — Monthly & Machine KPI Data | Printing Section
A3: ✏️ EDIT ONLY THIS SHEET — all other sheets update automatically via formulas
A4: MONTHLY DATA
A5: Month | B5: Avg MTBF (min) | C5: Avg MTTR (min) | D5: Total Down (min) | E5: Total BD Count | F5: Avg Avail (%) | G5: Down Hrs (Total)
A6: Apr-24 | B6: 75.61 | C6: 34.76 | D6: 3443 | E6: 99 | F6: 0.9799 | G6: 57.4
A7: May-24 | B7: 87.39 | C7: 79.4 | D7: 4570 | E7: 101 | F7: 0.9734 | G7: 76.2
A8: Jun-24 | B8: 62.21 | C8: 38.2 | D8: 5601 | E8: 157 | F8: 0.9674 | G8: 93.4
A9: Jul-24 | B9: 55.67 | C9: 41.2 | D9: 6121 | E9: 161 | F9: 0.9643 | G9: 102
A10: Aug-24 | B10: 78.03 | C10: 29.8 | D10: 3828 | E10: 123 | F10: 0.9777 | G10: 63.8
A11: Sep-24 | B11: 82.29 | C11: 38 | D11: 4155 | E11: 106 | F11: 0.9758 | G11: 69.2
A12: Oct-24 | B12: 80.14 | C12: 39.4 | D12: 4975 | E12: 119 | F12: 0.971 | G12: 82.9
A13: Nov-24 | B13: 76.47 | C13: 54.2 | D13: 6200 | E13: 112 | F13: 0.9639 | G13: 103.3
A14: Dec-24 | B14: 55.33 | C14: 54.2 | D14: 7796 | E14: 166 | F14: 0.9546 | G14: 129.9
A15: Jan-25 | B15: 53.8 | C15: 56.8 | D15: 7696 | E15: 138 | F15: 0.9552 | G15: 128.3
A16: Feb-25 | B16: 122.97 | C16: 72 | D16: 5513 | E16: 80 | F16: 0.9679 | G16: 91.9
A17: Mar-25 | B17: 139.56 | C17: 49 | D17: 16747 | E17: 60 | F17: 0.9024 | G17: 279.1
A18: TOTAL / AVG | B18: =AVERAGEIF(B6:B17,">0") -> 80.789167 | C18: =AVERAGE(C6:C17) -> 48.913333 | D18: =SUM(D6:D17) -> 76645 | E18: =SUM(E6:E17) -> 1422 | F18: =AVERAGE(F6:F17) -> 0.96279167 | G18: =SUM(G6:G17) -> 1277.4
A20: MACHINE DATA (Annual Averages)
A21: Machine | B21: Avg MTBF (min) | C21: Avg MTTR (min) | D21: Down Hrs (Annual) | E21: Total BD Count | F21: Avg Avail (%)
A22: KBA-1 | B22: 59.13 | C22: 43.03 | D22: 308 | E22: 374 | F22: 0.9551
A23: KBA-2 | B23: 49.96 | C23: 41.09 | D23: 257.5 | E23: 382 | F23: 0.9625
A24: KBA-3 | B24: 60.87 | C24: 46.72 | D24: 225.5 | E24: 310 | F24: 0.9671
A25: CX-1 | B25: 135.29 | C25: 51.15 | D25: 225 | E25: 169 | F25: 0.9672
A26: CX-2 | B26: 98.7 | C26: 62.56 | D26: 261.5 | E26: 187 | F26: 0.9619
A27: FLEET AVG/TOT | B27: =AVERAGE(B22:B26) -> 80.79 | C27: =AVERAGE(C22:C26) -> 48.91 | D27: =SUM(D22:D26) -> 1277.5 | E27: =SUM(E22:E26) -> 1422 | F27: =AVERAGE(F22:F26) -> 0.96276
A29: ⬆ Edit rows 6–17 (monthly) and rows 22–26 (machine) — totals recalculate automatically

Sheet FY 2025-26 Data
A2: FY 2025-26 — Monthly & Machine KPI Data | Printing Section
A3: ✏️ EDIT ONLY THIS SHEET — all other sheets update automatically via formulas
A4: MONTHLY DATA
A5: Month | B5: Avg MTBF (min) | C5: Avg MTTR (min) | D5: Total Down (min) | E5: Total BD Count | F5: Avg Avail (%) | G5: Down Hrs (Total)
A6: Apr-25 | B6: 175.53 | C6: 39.57 | D6: 3051 | E6: 73 | F6: 0.9822 | G6: 50.8
A7: May-25 | C7: 46.31 | D7: 1694 | E7: 32 | F7: 0.9901 | G7: 28.2
A8: Jun-25 | B8: 164.78 | C8: 63.45 | D8: 3786 | E8: 59 | F8: 0.9779 | G8: 63.1
A9: Jul-25 | B9: 148.1 | C9: 50.23 | D9: 2832 | E9: 56 | F9: 0.9835 | G9: 47.2
A10: Aug-25 | C10: 36.11 | D10: 1154 | E10: 24 | F10: 0.9933 | G10: 19.2
A11: Sep-25 | B11: 163.6 | C11: 47.03 | D11: 2291 | E11: 49 | F11: 0.9866 | G11: 38.2
A12: Oct-25 | B12: 546.98 | C12: 61.75 | D12: 1935 | E12: 33 | F12: 0.9887 | G12: 32.2
A13: Nov-25 | B13: 314.72 | C13: 63.5 | D13: 2029 | E13: 31 | F13: 0.9882 | G13: 33.8
A14: Dec-25 | C14: 67.18 | D14: 1920 | E14: 23 | F14: 0.9888 | G14: 32
A15: Jan-26 | B15: 517.86 | C15: 56.33 | D15: 2416 | E15: 34 | F15: 0.9859 | G15: 40.3
A16: Feb-26 | B16: 505.39 | C16: 51.65 | D16: 1381 | E16: 27 | F16: 0.9919 | G16: 23
A17: Mar-26 | C17: 82 | D17: 1095 | E17: 22 | F17: 0.9936 | G17: 18.2
A18: TOTAL / AVG | B18: =AVERAGEIF(B6:B17,">0") -> 317.12 | C18: =AVERAGE(C6:C17) -> 55.425833 | D18: =SUM(D6:D17) -> 25584 | E18: =SUM(E6:E17) -> 463 | F18: =AVERAGE(F6:F17) -> 0.98755833 | G18: =SUM(G6:G17) -> 426.2
A20: MACHINE DATA (Annual Averages)
A21: Machine | B21: Avg MTBF (min) | C21: Avg MTTR (min) | D21: Down Hrs (Annual) | E21: Total BD Count | F21: Avg Avail (%)
A22: KBA-1 | B22: 144.16 | C22: 55.55 | D22: 139.3 | E22: 164 | F22: 0.9797
A23: KBA-2 | B23: 185.62 | C23: 64.69 | D23: 118.3 | E23: 110 | F23: 0.9828
A24: KBA-3 | B24: 236.45 | C24: 53.13 | D24: 81.1 | E24: 92 | F24: 0.9882
A25: CX-1 | B25: 511.5 | C25: 38.44 | D25: 31.3 | E25: 47 | F25: 0.9954
A26: CX-2 | B26: 528.37 | C26: 65.32 | D26: 56.4 | E26: 50 | F26: 0.9918
A27: FLEET AVG/TOT | B27: =AVERAGE(B22:B26) -> 321.22 | C27: =AVERAGE(C22:C26) -> 55.426 | D27: =SUM(D22:D26) -> 426.4 | E27: =SUM(E22:E26) -> 463 | F27: =AVERAGE(F22:F26) -> 0.98758
A29: ⬆ Edit rows 6–17 (monthly) and rows 22–26 (machine) — totals recalculate automatically

Sheet Chart Data
A1: ⬅ CHART DATA — All cells are formula-linked to FY data sheets. DO NOT edit here.
A2: BD Count (Monthly) | E2: Downtime Hrs (Monthly) | I2: MTBF Avg (Monthly) | M2: MTTR Avg (Monthly)
A3: Month/Machine | B3: FY 2024-25 | C3: FY 2025-26 | E3: Month/Machine | F3: FY 2024-25 | G3: FY 2025-26 | I3: Month/Machine | J3: FY 2024-25 | K3: FY 2025-26 | M3: Month/Machine | N3: FY 2024-25 | O3: FY 2025-26
A4: ="Apr" -> Apr | B4: ='FY 2024-25 Data'!E6 -> 99 | C4: ='FY 2025-26 Data'!E6 -> 73 | E4: ="Apr" -> Apr | F4: ='FY 2024-25 Data'!G6 -> 57.4 | G4: ='FY 2025-26 Data'!G6 -> 50.8 | I4: ="Apr" -> Apr | J4: =IFERROR(IF('FY 2024-25 Data'!B6>0,'FY 2024-25 Data'!B6,0),0) -> 75.61 | K4: =IFERROR(IF('FY 2025-26 Data'!B6>0,'FY 2025-26 Data'!B6,0),0) -> 175.53 | M4: ="Apr" -> Apr | N4: ='FY 2024-25 Data'!C6 -> 34.76 | O4: ='FY 2025-26 Data'!C6 -> 39.57
A5: ="May" -> May | B5: ='FY 2024-25 Data'!E7 -> 101 | C5: ='FY 2025-26 Data'!E7 -> 32 | E5: ="May" -> May | F5: ='FY 2024-25 Data'!G7 -> 76.2 | G5: ='FY 2025-26 Data'!G7 -> 28.2 | I5: ="May" -> May | J5: =IFERROR(IF('FY 2024-25 Data'!B7>0,'FY 2024-25 Data'!B7,0),0) -> 87.39 | K5: =IFERROR(IF('FY 2025-26 Data'!B7>0,'FY 2025-26 Data'!B7,0),0) -> 0 | M5: ="May" -> May | N5: ='FY 2024-25 Data'!C7 -> 79.4 | O5: ='FY 2025-26 Data'!C7 -> 46.31
A6: ="Jun" -> Jun | B6: ='FY 2024-25 Data'!E8 -> 157 | C6: ='FY 2025-26 Data'!E8 -> 59 | E6: ="Jun" -> Jun | F6: ='FY 2024-25 Data'!G8 -> 93.4 | G6: ='FY 2025-26 Data'!G8 -> 63.1 | I6: ="Jun" -> Jun | J6: =IFERROR(IF('FY 2024-25 Data'!B8>0,'FY 2024-25 Data'!B8,0),0) -> 62.21 | K6: =IFERROR(IF('FY 2025-26 Data'!B8>0,'FY 2025-26 Data'!B8,0),0) -> 164.78 | M6: ="Jun" -> Jun | N6: ='FY 2024-25 Data'!C8 -> 38.2 | O6: ='FY 2025-26 Data'!C8 -> 63.45
A7: ="Jul" -> Jul | B7: ='FY 2024-25 Data'!E9 -> 161 | C7: ='FY 2025-26 Data'!E9 -> 56 | E7: ="Jul" -> Jul | F7: ='FY 2024-25 Data'!G9 -> 102 | G7: ='FY 2025-26 Data'!G9 -> 47.2 | I7: ="Jul" -> Jul | J7: =IFERROR(IF('FY 2024-25 Data'!B9>0,'FY 2024-25 Data'!B9,0),0) -> 55.67 | K7: =IFERROR(IF('FY 2025-26 Data'!B9>0,'FY 2025-26 Data'!B9,0),0) -> 148.1 | M7: ="Jul" -> Jul | N7: ='FY 2024-25 Data'!C9 -> 41.2 | O7: ='FY 2025-26 Data'!C9 -> 50.23
A8: ="Aug" -> Aug | B8: ='FY 2024-25 Data'!E10 -> 123 | C8: ='FY 2025-26 Data'!E10 -> 24 | E8: ="Aug" -> Aug | F8: ='FY 2024-25 Data'!G10 -> 63.8 | G8: ='FY 2025-26 Data'!G10 -> 19.2 | I8: ="Aug" -> Aug | J8: =IFERROR(IF('FY 2024-25 Data'!B10>0,'FY 2024-25 Data'!B10,0),0) -> 78.03 | K8: =IFERROR(IF('FY 2025-26 Data'!B10>0,'FY 2025-26 Data'!B10,0),0) -> 0 | M8: ="Aug" -> Aug | N8: ='FY 2024-25 Data'!C10 -> 29.8 | O8: ='FY 2025-26 Data'!C10 -> 36.11
A9: ="Sep" -> Sep | B9: ='FY 2024-25 Data'!E11 -> 106 | C9: ='FY 2025-26 Data'!E11 -> 49 | E9: ="Sep" -> Sep | F9: ='FY 2024-25 Data'!G11 -> 69.2 | G9: ='FY 2025-26 Data'!G11 -> 38.2 | I9: ="Sep" -> Sep | J9: =IFERROR(IF('FY 2024-25 Data'!B11>0,'FY 2024-25 Data'!B11,0),0) -> 82.29 | K9: =IFERROR(IF('FY 2025-26 Data'!B11>0,'FY 2025-26 Data'!B11,0),0) -> 163.6 | M9: ="Sep" -> Sep | N9: ='FY 2024-25 Data'!C11 -> 38 | O9: ='FY 2025-26 Data'!C11 -> 47.03
A10: ="Oct" -> Oct | B10: ='FY 2024-25 Data'!E12 -> 119 | C10: ='FY 2025-26 Data'!E12 -> 33 | E10: ="Oct" -> Oct | F10: ='FY 2024-25 Data'!G12 -> 82.9 | G10: ='FY 2025-26 Data'!G12 -> 32.2 | I10: ="Oct" -> Oct | J10: =IFERROR(IF('FY 2024-25 Data'!B12>0,'FY 2024-25 Data'!B12,0),0) -> 80.14 | K10: =IFERROR(IF('FY 2025-26 Data'!B12>0,'FY 2025-26 Data'!B12,0),0) -> 546.98 | M10: ="Oct" -> Oct | N10: ='FY 2024-25 Data'!C12 -> 39.4 | O10: ='FY 2025-26 Data'!C12 -> 61.75
A11: ="Nov" -> Nov | B11: ='FY 2024-25 Data'!E13 -> 112 | C11: ='FY 2025-26 Data'!E13 -> 31 | E11: ="Nov" -> Nov | F11: ='FY 2024-25 Data'!G13 -> 103.3 | G11: ='FY 2025-26 Data'!G13 -> 33.8 | I11: ="Nov" -> Nov | J11: =IFERROR(IF('FY 2024-25 Data'!B13>0,'FY 2024-25 Data'!B13,0),0) -> 76.47 | K11: =IFERROR(IF('FY 2025-26 Data'!B13>0,'FY 2025-26 Data'!B13,0),0) -> 314.72 | M11: ="Nov" -> Nov | N11: ='FY 2024-25 Data'!C13 -> 54.2 | O11: ='FY 2025-26 Data'!C13 -> 63.5
A12: ="Dec" -> Dec | B12: ='FY 2024-25 Data'!E14 -> 166 | C12: ='FY 2025-26 Data'!E14 -> 23 | E12: ="Dec" -> Dec | F12: ='FY 2024-25 Data'!G14 -> 129.9 | G12: ='FY 2025-26 Data'!G14 -> 32 | I12: ="Dec" -> Dec | J12: =IFERROR(IF('FY 2024-25 Data'!B14>0,'FY 2024-25 Data'!B14,0),0) -> 55.33 | K12: =IFERROR(IF('FY 2025-26 Data'!B14>0,'FY 2025-26 Data'!B14,0),0) -> 0 | M12: ="Dec" -> Dec | N12: ='FY 2024-25 Data'!C14 -> 54.2 | O12: ='FY 2025-26 Data'!C14 -> 67.18
A13: ="Jan" -> Jan | B13: ='FY 2024-25 Data'!E15 -> 138 | C13: ='FY 2025-26 Data'!E15 -> 34 | E13: ="Jan" -> Jan | F13: ='FY 2024-25 Data'!G15 -> 128.3 | G13: ='FY 2025-26 Data'!G15 -> 40.3 | I13: ="Jan" -> Jan | J13: =IFERROR(IF('FY 2024-25 Data'!B15>0,'FY 2024-25 Data'!B15,0),0) -> 53.8 | K13: =IFERROR(IF('FY 2025-26 Data'!B15>0,'FY 2025-26 Data'!B15,0),0) -> 517.86 | M13: ="Jan" -> Jan | N13: ='FY 2024-25 Data'!C15 -> 56.8 | O13: ='FY 2025-26 Data'!C15 -> 56.33
A14: ="Feb" -> Feb | B14: ='FY 2024-25 Data'!E16 -> 80 | C14: ='FY 2025-26 Data'!E16 -> 27 | E14: ="Feb" -> Feb | F14: ='FY 2024-25 Data'!G16 -> 91.9 | G14: ='FY 2025-26 Data'!G16 -> 23 | I14: ="Feb" -> Feb | J14: =IFERROR(IF('FY 2024-25 Data'!B16>0,'FY 2024-25 Data'!B16,0),0) -> 122.97 | K14: =IFERROR(IF('FY 2025-26 Data'!B16>0,'FY 2025-26 Data'!B16,0),0) -> 505.39 | M14: ="Feb" -> Feb | N14: ='FY 2024-25 Data'!C16 -> 72 | O14: ='FY 2025-26 Data'!C16 -> 51.65
A15: ="Mar" -> Mar | B15: ='FY 2024-25 Data'!E17 -> 60 | C15: ='FY 2025-26 Data'!E17 -> 22 | E15: ="Mar" -> Mar | F15: ='FY 2024-25 Data'!G17 -> 279.1 | G15: ='FY 2025-26 Data'!G17 -> 18.2 | I15: ="Mar" -> Mar | J15: =IFERROR(IF('FY 2024-25 Data'!B17>0,'FY 2024-25 Data'!B17,0),0) -> 139.56 | K15: =IFERROR(IF('FY 2025-26 Data'!B17>0,'FY 2025-26 Data'!B17,0),0) -> 0 | M15: ="Mar" -> Mar | N15: ='FY 2024-25 Data'!C17 -> 49 | O15: ='FY 2025-26 Data'!C17 -> 82
A17: Availability % (Monthly) | E17: Machine MTBF | I17: Machine BD Count | M17: Machine Availability %
A18: Month/Machine | B18: FY 2024-25 | C18: FY 2025-26 | E18: Month/Machine | F18: FY 2024-25 | G18: FY 2025-26 | I18: Month/Machine | J18: FY 2024-25 | K18: FY 2025-26 | M18: Month/Machine | N18: FY 2024-25 | O18: FY 2025-26
A19: ="Apr" -> Apr | B19: ='FY 2024-25 Data'!F6*100 -> 97.99 | C19: ='FY 2025-26 Data'!F6*100 -> 98.22 | E19: ="KBA-1" -> KBA-1 | F19: ='FY 2024-25 Data'!B22 -> 59.13 | G19: ='FY 2025-26 Data'!B22 -> 144.16 | I19: ="KBA-1" -> KBA-1 | J19: ='FY 2024-25 Data'!E22 -> 374 | K19: ='FY 2025-26 Data'!E22 -> 164 | M19: ="KBA-1" -> KBA-1 | N19: ='FY 2024-25 Data'!F22*100 -> 95.51 | O19: ='FY 2025-26 Data'!F22*100 -> 97.97
A20: ="May" -> May | B20: ='FY 2024-25 Data'!F7*100 -> 97.34 | C20: ='FY 2025-26 Data'!F7*100 -> 99.01 | E20: ="KBA-2" -> KBA-2 | F20: ='FY 2024-25 Data'!B23 -> 49.96 | G20: ='FY 2025-26 Data'!B23 -> 185.62 | I20: ="KBA-2" -> KBA-2 | J20: ='FY 2024-25 Data'!E23 -> 382 | K20: ='FY 2025-26 Data'!E23 -> 110 | M20: ="KBA-2" -> KBA-2 | N20: ='FY 2024-25 Data'!F23*100 -> 96.25 | O20: ='FY 2025-26 Data'!F23*100 -> 98.28
A21: ="Jun" -> Jun | B21: ='FY 2024-25 Data'!F8*100 -> 96.74 | C21: ='FY 2025-26 Data'!F8*100 -> 97.79 | E21: ="KBA-3" -> KBA-3 | F21: ='FY 2024-25 Data'!B24 -> 60.87 | G21: ='FY 2025-26 Data'!B24 -> 236.45 | I21: ="KBA-3" -> KBA-3 | J21: ='FY 2024-25 Data'!E24 -> 310 | K21: ='FY 2025-26 Data'!E24 -> 92 | M21: ="KBA-3" -> KBA-3 | N21: ='FY 2024-25 Data'!F24*100 -> 96.71 | O21: ='FY 2025-26 Data'!F24*100 -> 98.82
A22: ="Jul" -> Jul | B22: ='FY 2024-25 Data'!F9*100 -> 96.43 | C22: ='FY 2025-26 Data'!F9*100 -> 98.35 | E22: ="CX-1" -> CX-1 | F22: ='FY 2024-25 Data'!B25 -> 135.29 | G22: ='FY 2025-26 Data'!B25 -> 511.5 | I22: ="CX-1" -> CX-1 | J22: ='FY 2024-25 Data'!E25 -> 169 | K22: ='FY 2025-26 Data'!E25 -> 47 | M22: ="CX-1" -> CX-1 | N22: ='FY 2024-25 Data'!F25*100 -> 96.72 | O22: ='FY 2025-26 Data'!F25*100 -> 99.54
A23: ="Aug" -> Aug | B23: ='FY 2024-25 Data'!F10*100 -> 97.77 | C23: ='FY 2025-26 Data'!F10*100 -> 99.33 | E23: ="CX-2" -> CX-2 | F23: ='FY 2024-25 Data'!B26 -> 98.7 | G23: ='FY 2025-26 Data'!B26 -> 528.37 | I23: ="CX-2" -> CX-2 | J23: ='FY 2024-25 Data'!E26 -> 187 | K23: ='FY 2025-26 Data'!E26 -> 50 | M23: ="CX-2" -> CX-2 | N23: ='FY 2024-25 Data'!F26*100 -> 96.19 | O23: ='FY 2025-26 Data'!F26*100 -> 99.18
A24: ="Sep" -> Sep | B24: ='FY 2024-25 Data'!F11*100 -> 97.58 | C24: ='FY 2025-26 Data'!F11*100 -> 98.66
A25: ="Oct" -> Oct | B25: ='FY 2024-25 Data'!F12*100 -> 97.1 | C25: ='FY 2025-26 Data'!F12*100 -> 98.87
A26: ="Nov" -> Nov | B26: ='FY 2024-25 Data'!F13*100 -> 96.39 | C26: ='FY 2025-26 Data'!F13*100 -> 98.82
A27: ="Dec" -> Dec | B27: ='FY 2024-25 Data'!F14*100 -> 95.46 | C27: ='FY 2025-26 Data'!F14*100 -> 98.88
A28: ="Jan" -> Jan | B28: ='FY 2024-25 Data'!F15*100 -> 95.52 | C28: ='FY 2025-26 Data'!F15*100 -> 98.59
A29: ="Feb" -> Feb | B29: ='FY 2024-25 Data'!F16*100 -> 96.79 | C29: ='FY 2025-26 Data'!F16*100 -> 99.19
A30: ="Mar" -> Mar | B30: ='FY 2024-25 Data'!F17*100 -> 90.24 | C30: ='FY 2025-26 Data'!F17*100 -> 99.36

Sheet Monthly Detail
B2: MONTHLY DETAIL — FY 2024-25 vs FY 2025-26 | Formula-Linked — Updates Automatically
B3: ✏️ Edit FY data sheets → this table updates automatically
C5: ◀ FY 2024-25 | I5: ◀ FY 2025-26 | P5: YoY Change ▶
B6: Month | C6: MTBF | D6: MTTR | E6: BD Count | F6: Avail % | G6: Down Hrs | I6: Month | J6: MTBF | K6: MTTR | L6: BD Count | M6: Avail % | N6: Down Hrs | P6: BD % Change | Q6: DT % Change | R6: Avail % Change
B7: ='FY 2024-25 Data'!A6 -> Apr-24 | C7: =IFERROR(IF('FY 2024-25 Data'!B6>0,'FY 2024-25 Data'!B6,"-"),"-") -> 75.61 | D7: ='FY 2024-25 Data'!C6 -> 34.76 | E7: ='FY 2024-25 Data'!E6 -> 99 | F7: ='FY 2024-25 Data'!F6 -> 0.9799 | G7: ='FY 2024-25 Data'!G6 -> 57.4 | I7: ='FY 2025-26 Data'!A6 -> Apr-25 | J7: =IFERROR(IF('FY 2025-26 Data'!B6>0,'FY 2025-26 Data'!B6,"-"),"-") -> 175.53 | K7: ='FY 2025-26 Data'!C6 -> 39.57 | L7: ='FY 2025-26 Data'!E6 -> 73 | M7: ='FY 2025-26 Data'!F6 -> 0.9822 | N7: ='FY 2025-26 Data'!G6 -> 50.8 | P7: =IFERROR(('FY 2025-26 Data'!E6-'FY 2024-25 Data'!E6)/'FY 2024-25 Data'!E6,"N/A") -> -0.26262626 | Q7: =IFERROR(('FY 2025-26 Data'!G6-'FY 2024-25 Data'!G6)/'FY 2024-25 Data'!G6,"N/A") -> -0.11498258 | R7: =IFERROR(('FY 2025-26 Data'!F6-'FY 2024-25 Data'!F6)/'FY 2024-25 Data'!F6,"N/A") -> 0.0023471783
B8: ='FY 2024-25 Data'!A7 -> May-24 | C8: =IFERROR(IF('FY 2024-25 Data'!B7>0,'FY 2024-25 Data'!B7,"-"),"-") -> 87.39 | D8: ='FY 2024-25 Data'!C7 -> 79.4 | E8: ='FY 2024-25 Data'!E7 -> 101 | F8: ='FY 2024-25 Data'!F7 -> 0.9734 | G8: ='FY 2024-25 Data'!G7 -> 76.2 | I8: ='FY 2025-26 Data'!A7 -> May-25 | J8: =IFERROR(IF('FY 2025-26 Data'!B7>0,'FY 2025-26 Data'!B7,"-"),"-") -> - | K8: ='FY 2025-26 Data'!C7 -> 46.31 | L8: ='FY 2025-26 Data'!E7 -> 32 | M8: ='FY 2025-26 Data'!F7 -> 0.9901 | N8: ='FY 2025-26 Data'!G7 -> 28.2 | P8: =IFERROR(('FY 2025-26 Data'!E7-'FY 2024-25 Data'!E7)/'FY 2024-25 Data'!E7,"N/A") -> -0.68316832 | Q8: =IFERROR(('FY 2025-26 Data'!G7-'FY 2024-25 Data'!G7)/'FY 2024-25 Data'!G7,"N/A") -> -0.62992126 | R8: =IFERROR(('FY 2025-26 Data'!F7-'FY 2024-25 Data'!F7)/'FY 2024-25 Data'!F7,"N/A") -> 0.017156359
B9: ='FY 2024-25 Data'!A8 -> Jun-24 | C9: =IFERROR(IF('FY 2024-25 Data'!B8>0,'FY 2024-25 Data'!B8,"-"),"-") -> 62.21 | D9: ='FY 2024-25 Data'!C8 -> 38.2 | E9: ='FY 2024-25 Data'!E8 -> 157 | F9: ='FY 2024-25 Data'!F8 -> 0.9674 | G9: ='FY 2024-25 Data'!G8 -> 93.4 | I9: ='FY 2025-26 Data'!A8 -> Jun-25 | J9: =IFERROR(IF('FY 2025-26 Data'!B8>0,'FY 2025-26 Data'!B8,"-"),"-") -> 164.78 | K9: ='FY 2025-26 Data'!C8 -> 63.45 | L9: ='FY 2025-26 Data'!E8 -> 59 | M9: ='FY 2025-26 Data'!F8 -> 0.9779 | N9: ='FY 2025-26 Data'!G8 -> 63.1 | P9: =IFERROR(('FY 2025-26 Data'!E8-'FY 2024-25 Data'!E8)/'FY 2024-25 Data'!E8,"N/A") -> -0.62420382 | Q9: =IFERROR(('FY 2025-26 Data'!G8-'FY 2024-25 Data'!G8)/'FY 2024-25 Data'!G8,"N/A") -> -0.32441113 | R9: =IFERROR(('FY 2025-26 Data'!F8-'FY 2024-25 Data'!F8)/'FY 2024-25 Data'!F8,"N/A") -> 0.010853835
B10: ='FY 2024-25 Data'!A9 -> Jul-24 | C10: =IFERROR(IF('FY 2024-25 Data'!B9>0,'FY 2024-25 Data'!B9,"-"),"-") -> 55.67 | D10: ='FY 2024-25 Data'!C9 -> 41.2 | E10: ='FY 2024-25 Data'!E9 -> 161 | F10: ='FY 2024-25 Data'!F9 -> 0.9643 | G10: ='FY 2024-25 Data'!G9 -> 102 | I10: ='FY 2025-26 Data'!A9 -> Jul-25 | J10: =IFERROR(IF('FY 2025-26 Data'!B9>0,'FY 2025-26 Data'!B9,"-"),"-") -> 148.1 | K10: ='FY 2025-26 Data'!C9 -> 50.23 | L10: ='FY 2025-26 Data'!E9 -> 56 | M10: ='FY 2025-26 Data'!F9 -> 0.9835 | N10: ='FY 2025-26 Data'!G9 -> 47.2 | P10: =IFERROR(('FY 2025-26 Data'!E9-'FY 2024-25 Data'!E9)/'FY 2024-25 Data'!E9,"N/A") -> -0.65217391 | Q10: =IFERROR(('FY 2025-26 Data'!G9-'FY 2024-25 Data'!G9)/'FY 2024-25 Data'!G9,"N/A") -> -0.5372549 | R10: =IFERROR(('FY 2025-26 Data'!F9-'FY 2024-25 Data'!F9)/'FY 2024-25 Data'!F9,"N/A") -> 0.019910816
B11: ='FY 2024-25 Data'!A10 -> Aug-24 | C11: =IFERROR(IF('FY 2024-25 Data'!B10>0,'FY 2024-25 Data'!B10,"-"),"-") -> 78.03 | D11: ='FY 2024-25 Data'!C10 -> 29.8 | E11: ='FY 2024-25 Data'!E10 -> 123 | F11: ='FY 2024-25 Data'!F10 -> 0.9777 | G11: ='FY 2024-25 Data'!G10 -> 63.8 | I11: ='FY 2025-26 Data'!A10 -> Aug-25 | J11: =IFERROR(IF('FY 2025-26 Data'!B10>0,'FY 2025-26 Data'!B10,"-"),"-") -> - | K11: ='FY 2025-26 Data'!C10 -> 36.11 | L11: ='FY 2025-26 Data'!E10 -> 24 | M11: ='FY 2025-26 Data'!F10 -> 0.9933 | N11: ='FY 2025-26 Data'!G10 -> 19.2 | P11: =IFERROR(('FY 2025-26 Data'!E10-'FY 2024-25 Data'!E10)/'FY 2024-25 Data'!E10,"N/A") -> -0.80487805 | Q11: =IFERROR(('FY 2025-26 Data'!G10-'FY 2024-25 Data'!G10)/'FY 2024-25 Data'!G10,"N/A") -> -0.69905956 | R11: =IFERROR(('FY 2025-26 Data'!F10-'FY 2024-25 Data'!F10)/'FY 2024-25 Data'!F10,"N/A") -> 0.015955815
B12: ='FY 2024-25 Data'!A11 -> Sep-24 | C12: =IFERROR(IF('FY 2024-25 Data'!B11>0,'FY 2024-25 Data'!B11,"-"),"-") -> 82.29 | D12: ='FY 2024-25 Data'!C11 -> 38 | E12: ='FY 2024-25 Data'!E11 -> 106 | F12: ='FY 2024-25 Data'!F11 -> 0.9758 | G12: ='FY 2024-25 Data'!G11 -> 69.2 | I12: ='FY 2025-26 Data'!A11 -> Sep-25 | J12: =IFERROR(IF('FY 2025-26 Data'!B11>0,'FY 2025-26 Data'!B11,"-"),"-") -> 163.6 | K12: ='FY 2025-26 Data'!C11 -> 47.03 | L12: ='FY 2025-26 Data'!E11 -> 49 | M12: ='FY 2025-26 Data'!F11 -> 0.9866 | N12: ='FY 2025-26 Data'!G11 -> 38.2 | P12: =IFERROR(('FY 2025-26 Data'!E11-'FY 2024-25 Data'!E11)/'FY 2024-25 Data'!E11,"N/A") -> -0.53773585 | Q12: =IFERROR(('FY 2025-26 Data'!G11-'FY 2024-25 Data'!G11)/'FY 2024-25 Data'!G11,"N/A") -> -0.44797688 | R12: =IFERROR(('FY 2025-26 Data'!F11-'FY 2024-25 Data'!F11)/'FY 2024-25 Data'!F11,"N/A") -> 0.011067842
B13: ='FY 2024-25 Data'!A12 -> Oct-24 | C13: =IFERROR(IF('FY 2024-25 Data'!B12>0,'FY 2024-25 Data'!B12,"-"),"-") -> 80.14 | D13: ='FY 2024-25 Data'!C12 -> 39.4 | E13: ='FY 2024-25 Data'!E12 -> 119 | F13: ='FY 2024-25 Data'!F12 -> 0.971 | G13: ='FY 2024-25 Data'!G12 -> 82.9 | I13: ='FY 2025-26 Data'!A12 -> Oct-25 | J13: =IFERROR(IF('FY 2025-26 Data'!B12>0,'FY 2025-26 Data'!B12,"-"),"-") -> 546.98 | K13: ='FY 2025-26 Data'!C12 -> 61.75 | L13: ='FY 2025-26 Data'!E12 -> 33 | M13: ='FY 2025-26 Data'!F12 -> 0.9887 | N13: ='FY 2025-26 Data'!G12 -> 32.2 | P13: =IFERROR(('FY 2025-26 Data'!E12-'FY 2024-25 Data'!E12)/'FY 2024-25 Data'!E12,"N/A") -> -0.72268908 | Q13: =IFERROR(('FY 2025-26 Data'!G12-'FY 2024-25 Data'!G12)/'FY 2024-25 Data'!G12,"N/A") -> -0.61158022 | R13: =IFERROR(('FY 2025-26 Data'!F12-'FY 2024-25 Data'!F12)/'FY 2024-25 Data'!F12,"N/A") -> 0.01822863
B14: ='FY 2024-25 Data'!A13 -> Nov-24 | C14: =IFERROR(IF('FY 2024-25 Data'!B13>0,'FY 2024-25 Data'!B13,"-"),"-") -> 76.47 | D14: ='FY 2024-25 Data'!C13 -> 54.2 | E14: ='FY 2024-25 Data'!E13 -> 112 | F14: ='FY 2024-25 Data'!F13 -> 0.9639 | G14: ='FY 2024-25 Data'!G13 -> 103.3 | I14: ='FY 2025-26 Data'!A13 -> Nov-25 | J14: =IFERROR(IF('FY 2025-26 Data'!B13>0,'FY 2025-26 Data'!B13,"-"),"-") -> 314.72 | K14: ='FY 2025-26 Data'!C13 -> 63.5 | L14: ='FY 2025-26 Data'!E13 -> 31 | M14: ='FY 2025-26 Data'!F13 -> 0.9882 | N14: ='FY 2025-26 Data'!G13 -> 33.8 | P14: =IFERROR(('FY 2025-26 Data'!E13-'FY 2024-25 Data'!E13)/'FY 2024-25 Data'!E13,"N/A") -> -0.72321429 | Q14: =IFERROR(('FY 2025-26 Data'!G13-'FY 2024-25 Data'!G13)/'FY 2024-25 Data'!G13,"N/A") -> -0.67279768 | R14: =IFERROR(('FY 2025-26 Data'!F13-'FY 2024-25 Data'!F13)/'FY 2024-25 Data'!F13,"N/A") -> 0.025210084
B15: ='FY 2024-25 Data'!A14 -> Dec-24 | C15: =IFERROR(IF('FY 2024-25 Data'!B14>0,'FY 2024-25 Data'!B14,"-"),"-") -> 55.33 | D15: ='FY 2024-25 Data'!C14 -> 54.2 | E15: ='FY 2024-25 Data'!E14 -> 166 | F15: ='FY 2024-25 Data'!F14 -> 0.9546 | G15: ='FY 2024-25 Data'!G14 -> 129.9 | I15: ='FY 2025-26 Data'!A14 -> Dec-25 | J15: =IFERROR(IF('FY 2025-26 Data'!B14>0,'FY 2025-26 Data'!B14,"-"),"-") -> - | K15: ='FY 2025-26 Data'!C14 -> 67.18 | L15: ='FY 2025-26 Data'!E14 -> 23 | M15: ='FY 2025-26 Data'!F14 -> 0.9888 | N15: ='FY 2025-26 Data'!G14 -> 32 | P15: =IFERROR(('FY 2025-26 Data'!E14-'FY 2024-25 Data'!E14)/'FY 2024-25 Data'!E14,"N/A") -> -0.86144578 | Q15: =IFERROR(('FY 2025-26 Data'!G14-'FY 2024-25 Data'!G14)/'FY 2024-25 Data'!G14,"N/A") -> -0.75365666 | R15: =IFERROR(('FY 2025-26 Data'!F14-'FY 2024-25 Data'!F14)/'FY 2024-25 Data'!F14,"N/A") -> 0.035826524
B16: ='FY 2024-25 Data'!A15 -> Jan-25 | C16: =IFERROR(IF('FY 2024-25 Data'!B15>0,'FY 2024-25 Data'!B15,"-"),"-") -> 53.8 | D16: ='FY 2024-25 Data'!C15 -> 56.8 | E16: ='FY 2024-25 Data'!E15 -> 138 | F16: ='FY 2024-25 Data'!F15 -> 0.9552 | G16: ='FY 2024-25 Data'!G15 -> 128.3 | I16: ='FY 2025-26 Data'!A15 -> Jan-26 | J16: =IFERROR(IF('FY 2025-26 Data'!B15>0,'FY 2025-26 Data'!B15,"-"),"-") -> 517.86 | K16: ='FY 2025-26 Data'!C15 -> 56.33 | L16: ='FY 2025-26 Data'!E15 -> 34 | M16: ='FY 2025-26 Data'!F15 -> 0.9859 | N16: ='FY 2025-26 Data'!G15 -> 40.3 | P16: =IFERROR(('FY 2025-26 Data'!E15-'FY 2024-25 Data'!E15)/'FY 2024-25 Data'!E15,"N/A") -> -0.75362319 | Q16: =IFERROR(('FY 2025-26 Data'!G15-'FY 2024-25 Data'!G15)/'FY 2024-25 Data'!G15,"N/A") -> -0.68589244 | R16: =IFERROR(('FY 2025-26 Data'!F15-'FY 2024-25 Data'!F15)/'FY 2024-25 Data'!F15,"N/A") -> 0.032139866
B17: ='FY 2024-25 Data'!A16 -> Feb-25 | C17: =IFERROR(IF('FY 2024-25 Data'!B16>0,'FY 2024-25 Data'!B16,"-"),"-") -> 122.97 | D17: ='FY 2024-25 Data'!C16 -> 72 | E17: ='FY 2024-25 Data'!E16 -> 80 | F17: ='FY 2024-25 Data'!F16 -> 0.9679 | G17: ='FY 2024-25 Data'!G16 -> 91.9 | I17: ='FY 2025-26 Data'!A16 -> Feb-26 | J17: =IFERROR(IF('FY 2025-26 Data'!B16>0,'FY 2025-26 Data'!B16,"-"),"-") -> 505.39 | K17: ='FY 2025-26 Data'!C16 -> 51.65 | L17: ='FY 2025-26 Data'!E16 -> 27 | M17: ='FY 2025-26 Data'!F16 -> 0.9919 | N17: ='FY 2025-26 Data'!G16 -> 23 | P17: =IFERROR(('FY 2025-26 Data'!E16-'FY 2024-25 Data'!E16)/'FY 2024-25 Data'!E16,"N/A") -> -0.6625 | Q17: =IFERROR(('FY 2025-26 Data'!G16-'FY 2024-25 Data'!G16)/'FY 2024-25 Data'!G16,"N/A") -> -0.74972797 | R17: =IFERROR(('FY 2025-26 Data'!F16-'FY 2024-25 Data'!F16)/'FY 2024-25 Data'!F16,"N/A") -> 0.02479595
B18: ='FY 2024-25 Data'!A17 -> Mar-25 | C18: =IFERROR(IF('FY 2024-25 Data'!B17>0,'FY 2024-25 Data'!B17,"-"),"-") -> 139.56 | D18: ='FY 2024-25 Data'!C17 -> 49 | E18: ='FY 2024-25 Data'!E17 -> 60 | F18: ='FY 2024-25 Data'!F17 -> 0.9024 | G18: ='FY 2024-25 Data'!G17 -> 279.1 | I18: ='FY 2025-26 Data'!A17 -> Mar-26 | J18: =IFERROR(IF('FY 2025-26 Data'!B17>0,'FY 2025-26 Data'!B17,"-"),"-") -> - | K18: ='FY 2025-26 Data'!C17 -> 82 | L18: ='FY 2025-26 Data'!E17 -> 22 | M18: ='FY 2025-26 Data'!F17 -> 0.9936 | N18: ='FY 2025-26 Data'!G17 -> 18.2 | P18: =IFERROR(('FY 2025-26 Data'!E17-'FY 2024-25 Data'!E17)/'FY 2024-25 Data'!E17,"N/A") -> -0.63333333 | Q18: =IFERROR(('FY 2025-26 Data'!G17-'FY 2024-25 Data'!G17)/'FY 2024-25 Data'!G17,"N/A") -> -0.9347904 | R18: =IFERROR(('FY 2025-26 Data'!F17-'FY 2024-25 Data'!F17)/'FY 2024-25 Data'!F17,"N/A") -> 0.10106383
B19: ='FY 2024-25 Data'!A18 -> TOTAL / AVG | C19: ='FY 2024-25 Data'!B18 -> 80.789167 | D19: ='FY 2024-25 Data'!C18 -> 48.913333 | E19: ='FY 2024-25 Data'!E18 -> 1422 | F19: ='FY 2024-25 Data'!F18 -> 0.96279167 | G19: ='FY 2024-25 Data'!G18 -> 1277.4 | I19: ='FY 2025-26 Data'!A18 -> TOTAL / AVG | J19: ='FY 2025-26 Data'!B18 -> 317.12 | K19: ='FY 2025-26 Data'!C18 -> 55.425833 | L19: ='FY 2025-26 Data'!E18 -> 463 | M19: ='FY 2025-26 Data'!F18 -> 0.98755833 | N19: ='FY 2025-26 Data'!G18 -> 426.2 | P19: =IFERROR(('FY 2025-26 Data'!E18-'FY 2024-25 Data'!E18)/'FY 2024-25 Data'!E18,"N/A") -> -0.67440225 | Q19: =IFERROR(('FY 2025-26 Data'!G18-'FY 2024-25 Data'!G18)/'FY 2024-25 Data'!G18,"N/A") -> -0.66635353 | R19: =IFERROR(('FY 2025-26 Data'!F18-'FY 2024-25 Data'!F18)/'FY 2024-25 Data'!F18,"N/A") -> 0.025723807

Sheet Machine Comparison
B2: MACHINE-WISE KPI COMPARISON | Formula-Linked — Updates Automatically
B3: ✏️ Edit machine rows in FY data sheets → this table updates automatically
C5: MTBF (min) | F5: MTTR (min) | I5: BD Count | L5: Availability% | O5: Down Hrs | R5: YoY Change
B6: Machine | C6: FY 2024-25 | D6: FY 2025-26 | F6: FY 2024-25 | G6: FY 2025-26 | I6: FY 2024-25 | J6: FY 2025-26 | L6: FY 2024-25 | M6: FY 2025-26 | O6: FY 2024-25 | P6: FY 2025-26 | R6: BD % | S6: DT Hrs %
B7: ='FY 2024-25 Data'!A22 -> KBA-1 | C7: ='FY 2024-25 Data'!B22 -> 59.13 | D7: ='FY 2025-26 Data'!B22 -> 144.16 | F7: ='FY 2024-25 Data'!C22 -> 43.03 | G7: ='FY 2025-26 Data'!C22 -> 55.55 | I7: ='FY 2024-25 Data'!E22 -> 374 | J7: ='FY 2025-26 Data'!E22 -> 164 | L7: ='FY 2024-25 Data'!F22 -> 0.9551 | M7: ='FY 2025-26 Data'!F22 -> 0.9797 | O7: ='FY 2024-25 Data'!D22 -> 308 | P7: ='FY 2025-26 Data'!D22 -> 139.3 | R7: =IFERROR(('FY 2025-26 Data'!E22-'FY 2024-25 Data'!E22)/'FY 2024-25 Data'!E22,"N/A") -> -0.56149733 | S7: =IFERROR(('FY 2025-26 Data'!D22-'FY 2024-25 Data'!D22)/'FY 2024-25 Data'!D22,"N/A") -> -0.54772727
B8: ='FY 2024-25 Data'!A23 -> KBA-2 | C8: ='FY 2024-25 Data'!B23 -> 49.96 | D8: ='FY 2025-26 Data'!B23 -> 185.62 | F8: ='FY 2024-25 Data'!C23 -> 41.09 | G8: ='FY 2025-26 Data'!C23 -> 64.69 | I8: ='FY 2024-25 Data'!E23 -> 382 | J8: ='FY 2025-26 Data'!E23 -> 110 | L8: ='FY 2024-25 Data'!F23 -> 0.9625 | M8: ='FY 2025-26 Data'!F23 -> 0.9828 | O8: ='FY 2024-25 Data'!D23 -> 257.5 | P8: ='FY 2025-26 Data'!D23 -> 118.3 | R8: =IFERROR(('FY 2025-26 Data'!E23-'FY 2024-25 Data'!E23)/'FY 2024-25 Data'!E23,"N/A") -> -0.71204188 | S8: =IFERROR(('FY 2025-26 Data'!D23-'FY 2024-25 Data'!D23)/'FY 2024-25 Data'!D23,"N/A") -> -0.54058252
B9: ='FY 2024-25 Data'!A24 -> KBA-3 | C9: ='FY 2024-25 Data'!B24 -> 60.87 | D9: ='FY 2025-26 Data'!B24 -> 236.45 | F9: ='FY 2024-25 Data'!C24 -> 46.72 | G9: ='FY 2025-26 Data'!C24 -> 53.13 | I9: ='FY 2024-25 Data'!E24 -> 310 | J9: ='FY 2025-26 Data'!E24 -> 92 | L9: ='FY 2024-25 Data'!F24 -> 0.9671 | M9: ='FY 2025-26 Data'!F24 -> 0.9882 | O9: ='FY 2024-25 Data'!D24 -> 225.5 | P9: ='FY 2025-26 Data'!D24 -> 81.1 | R9: =IFERROR(('FY 2025-26 Data'!E24-'FY 2024-25 Data'!E24)/'FY 2024-25 Data'!E24,"N/A") -> -0.70322581 | S9: =IFERROR(('FY 2025-26 Data'!D24-'FY 2024-25 Data'!D24)/'FY 2024-25 Data'!D24,"N/A") -> -0.64035477
B10: ='FY 2024-25 Data'!A25 -> CX-1 | C10: ='FY 2024-25 Data'!B25 -> 135.29 | D10: ='FY 2025-26 Data'!B25 -> 511.5 | F10: ='FY 2024-25 Data'!C25 -> 51.15 | G10: ='FY 2025-26 Data'!C25 -> 38.44 | I10: ='FY 2024-25 Data'!E25 -> 169 | J10: ='FY 2025-26 Data'!E25 -> 47 | L10: ='FY 2024-25 Data'!F25 -> 0.9672 | M10: ='FY 2025-26 Data'!F25 -> 0.9954 | O10: ='FY 2024-25 Data'!D25 -> 225 | P10: ='FY 2025-26 Data'!D25 -> 31.3 | R10: =IFERROR(('FY 2025-26 Data'!E25-'FY 2024-25 Data'!E25)/'FY 2024-25 Data'!E25,"N/A") -> -0.72189349 | S10: =IFERROR(('FY 2025-26 Data'!D25-'FY 2024-25 Data'!D25)/'FY 2024-25 Data'!D25,"N/A") -> -0.86088889
B11: ='FY 2024-25 Data'!A26 -> CX-2 | C11: ='FY 2024-25 Data'!B26 -> 98.7 | D11: ='FY 2025-26 Data'!B26 -> 528.37 | F11: ='FY 2024-25 Data'!C26 -> 62.56 | G11: ='FY 2025-26 Data'!C26 -> 65.32 | I11: ='FY 2024-25 Data'!E26 -> 187 | J11: ='FY 2025-26 Data'!E26 -> 50 | L11: ='FY 2024-25 Data'!F26 -> 0.9619 | M11: ='FY 2025-26 Data'!F26 -> 0.9918 | O11: ='FY 2024-25 Data'!D26 -> 261.5 | P11: ='FY 2025-26 Data'!D26 -> 56.4 | R11: =IFERROR(('FY 2025-26 Data'!E26-'FY 2024-25 Data'!E26)/'FY 2024-25 Data'!E26,"N/A") -> -0.73262032 | S11: =IFERROR(('FY 2025-26 Data'!D26-'FY 2024-25 Data'!D26)/'FY 2024-25 Data'!D26,"N/A") -> -0.78432122
B12: FLEET AVG/TOT | C12: ='FY 2024-25 Data'!B27 -> 80.79 | D12: ='FY 2025-26 Data'!B27 -> 321.22 | F12: ='FY 2024-25 Data'!C27 -> 48.91 | G12: ='FY 2025-26 Data'!C27 -> 55.426 | I12: ='FY 2024-25 Data'!E27 -> 1422 | J12: ='FY 2025-26 Data'!E27 -> 463 | L12: ='FY 2024-25 Data'!F27 -> 0.96276 | M12: ='FY 2025-26 Data'!F27 -> 0.98758 | O12: ='FY 2024-25 Data'!D27 -> 1277.5 | P12: ='FY 2025-26 Data'!D27 -> 426.4 | R12: =IFERROR(('FY 2025-26 Data'!E27-'FY 2024-25 Data'!E27)/'FY 2024-25 Data'!E27,"N/A") -> -0.67440225 | S12: =IFERROR(('FY 2025-26 Data'!D27-'FY 2024-25 Data'!D27)/'FY 2024-25 Data'!D27,"N/A") -> -0.66622309
